Career,Skills
AI Engineer,"Python Machine Learning TensorFlow Deep Learning Neural Networks"
Data Scientist,"Python Pandas NumPy SQL Statistics Machine Learning Data Visualization"
Backend Developer,"Python Flask SQL REST API Node.js Express Databases"
Frontend Developer,"HTML CSS JavaScript React TypeScript Responsive Design"
Full Stack Developer,"HTML CSS JavaScript React Node.js Flask SQL REST API"
Cloud Engineer,"AWS Docker Linux Kubernetes Cloud Computing Terraform Azure"
DevOps Engineer,"Docker Jenkins Linux AWS Automation CI/CD Kubernetes Git"
Cyber Security Analyst,"Networking Linux Security Python Ethical Hacking Firewalls Cryptography"
Mobile App Developer,"Flutter Dart Firebase APIs React Native Android iOS"
UI/UX Designer,"Figma Adobe XD Wireframing Prototyping User Research Design Thinking"
Software Engineer,"Python Java C++ Data Structures Algorithms OOP Git Problem Solving"
Machine Learning Engineer,"Python TensorFlow PyTorch Scikit-learn Deep Learning Data Preprocessing Feature Engineering"
Data Analyst,"SQL Excel Python Pandas Power BI Tableau Data Visualization Statistics"
Game Developer,"Unity C# Game Design 3D Modeling Animation Physics Blender"
Blockchain Developer,"Solidity Ethereum Web3.js Smart Contracts Cryptography DeFi Node.js"
Network Engineer,"Networking Cisco Routing Switching Firewalls TCP/IP Linux VPN"
Database Administrator,"SQL MySQL PostgreSQL MongoDB Database Design Query Optimization Backup"
QA Engineer,"Testing Selenium Automation Python Bug Tracking JIRA Test Planning"
Systems Administrator,"Linux Windows Server Networking Shell Scripting Virtualization Active Directory"
Embedded Systems Engineer,"C C++ Microcontrollers RTOS Hardware Programming Arduino Electronics"
NLP Engineer,"Python NLP NLTK spaCy Transformers BERT Text Classification Sentiment Analysis"
Computer Vision Engineer,"Python OpenCV TensorFlow Deep Learning Image Processing CNN Object Detection"
AR/VR Developer,"Unity C# 3D Modeling Unreal Engine AR SDK VR Hardware Spatial Computing"
Data Engineer,"Python SQL Spark Hadoop ETL Airflow Data Pipelines Kafka AWS"
Product Manager,"Agile Scrum Roadmapping User Research Wireframing JIRA Analytics Communication"
Technical Writer,"Documentation Markdown API Writing Communication Research Editing Tools"
IT Support Specialist,"Windows Linux Networking Troubleshooting Hardware Active Directory Helpdesk"
Scrum Master,"Agile Scrum Project Management Communication JIRA Team Facilitation Retrospectives"
Android Developer,"Java Kotlin Android SDK Firebase REST API XML Material Design"
iOS Developer,"Swift Objective-C Xcode iOS SDK Firebase REST API UIKit"
